pr_auc,roc_auc,brier,accuracy,precision,recall,f1,sensitivity@0.5,specificity@0.5,opt_threshold,opt_f1,opt_precision,opt_recall,n_pos,n_total,model,label,n_features,C
0.17796701343882085,0.8128750859754686,0.13038820938444307,0.832427536231884,0.09397703304429342,0.6628099173553719,0.16461412151067323,0.6628099173553719,0.8367605455389943,0.8568918364380801,0.2876254180602007,0.24157303370786518,0.35537190082644626,605,24288,logit,crisis,37,
0.11893012865277057,0.7514767889789482,0.07040761229228912,0.9148138998682477,0.11795407098121086,0.37355371900826445,0.17929393097976992,0.37355371900826445,0.9286407971963011,0.8925570433074167,0.2059880239520958,0.16150234741784036,0.28429752066115704,605,24288,lasso,crisis,37,27.825594022071257
0.0725817023168771,0.7287713028303515,0.1634996994525251,0.8158349802371542,0.08105074090704985,0.48717948717948717,0.13897978825794033,0.48717948717948717,0.826177432369304,0.5611575035761963,0.15037593984962408,0.09473684210526316,0.3643724696356275,741,24288,logit,growth,26,
0.0725706364631212,0.7285638330826789,0.16336874004051488,0.8159996706192358,0.08112359550561797,0.48717948717948717,0.13908688114043538,0.48717948717948717,0.8263473053892215,0.5397193244942764,0.14986443184619178,0.09167671893848009,0.41025641025641024,741,24288,lasso,growth,26,7.742636826811277
