pr_auc,roc_auc,brier,accuracy,precision,recall,f1,sensitivity@0.5,specificity@0.5,opt_threshold,opt_f1,opt_precision,opt_recall,n_pos,n_total,model,label,n_features
0.19339994384734546,0.7692697938996588,0.022971882382620636,0.9735260210803689,0.40594059405940597,0.13553719008264462,0.20322180916976457,0.13553719008264462,0.9949330743571339,0.12634588508967726,0.28739867354458365,0.25930851063829785,0.32231404958677684,605,24288,gee_exchangeable,crisis,37
0.19538542414079055,0.7751625725884208,0.023060660860659415,0.9731966403162056,0.3894230769230769,0.13388429752066117,0.1992619926199262,0.13388429752066117,0.9946375036946333,0.12122055934180767,0.29051094890510953,0.2601307189542484,0.32892561983471075,605,24288,gee_independence,crisis,37
0.06436285264984365,0.6875578959518583,0.02953061724443495,0.9694911067193676,0.0,0.0,0.0,0.0,1.0,0.07527089160380722,0.13461538461538464,0.08827238335435057,0.2834008097165992,741,24288,gee_exchangeable,growth,26
0.06692862145248996,0.695754670347478,0.02943512079358261,0.9694911067193676,0.0,0.0,0.0,0.0,1.0,0.07094584567971822,0.14251061249241964,0.0919045756746187,0.31713900134952766,741,24288,gee_independence,growth,26
