pr_auc,roc_auc,brier,accuracy,precision,recall,f1,sensitivity@0.5,specificity@0.5,opt_threshold,opt_f1,opt_precision,opt_recall,n_pos,n_total,model,label,best_iter,cv_pr_auc
0.324951189044475,0.8807376913314046,0.026716048002398882,0.9661561264822134,0.32967032967032966,0.34710743801652894,0.33816425120772947,0.34710743801652894,0.9819701895874678,0.3848159232337131,0.358695652173913,0.3044982698961938,0.43636363636363634,605,24288,lightgbm,crisis,529,0.5318708019933829
0.17326305017073454,0.821799820693411,0.09991991407922177,0.8750411725955204,0.1311897106109325,0.5506072874493927,0.2118930148013503,0.5506072874493927,0.8852507750456534,0.6423139557921047,0.24250936329588013,0.18566308243727597,0.349527665317139,741,24288,lightgbm,growth,212,0.1831492785187056
