pr_auc,roc_auc,brier,accuracy,precision,recall,f1,sensitivity@0.5,specificity@0.5,opt_threshold,opt_f1,opt_precision,opt_recall,n_pos,n_total,model,label,n_features
0.1676071780308501,0.8016563123878305,0.18947315873361734,0.735836627140975,0.06744082179544439,0.7487603305785124,0.12373668396612947,0.7487603305785124,0.7355064814423848,0.9366666061280756,0.26676829268292684,0.24752475247524752,0.2892561983471074,605,24288,mundlak,crisis,74
0.06699175951206693,0.6789214805522615,0.15780693629255665,0.806735836627141,0.07576733204550333,0.47638326585695007,0.13074074074074074,0.47638326585695007,0.8171316940586911,0.6076048822210538,0.15075376884422112,0.09651778955336866,0.3441295546558704,741,24288,mundlak,growth,52
