pr_auc,roc_auc,brier,accuracy,precision,recall,f1,sensitivity@0.5,specificity@0.5,opt_threshold,opt_f1,opt_precision,opt_recall,n_pos,n_total,model,label,cv_pr_auc
0.27221494783702627,0.8823973537527179,0.03301388160328555,0.964056324110672,0.30523255813953487,0.34710743801652894,0.3248259860788863,0.34710743801652894,0.9798167461892496,0.4028646747364689,0.33877038895859474,0.2730030333670374,0.4462809917355372,605,24288,rf,crisis,0.4925002170909396
0.16231134123704832,0.8162966569803511,0.05392124084188237,0.9576745718050066,0.23076923076923078,0.1659919028340081,0.19309262166405022,0.1659919028340081,0.9825880154584448,0.3835276146504837,0.23083941605839414,0.17436250861474845,0.34143049932523617,741,24288,rf,growth,0.1604633725107841
