pr_auc,roc_auc,brier,accuracy,precision,recall,f1,sensitivity@0.5,specificity@0.5,opt_threshold,opt_f1,opt_precision,opt_recall,n_pos,n_total,model,label,best_iter,cv_pr_auc
0.31616909398508203,0.8849594314434841,0.04003963991999626,0.9509222661396575,0.2527379949452401,0.49586776859504134,0.33482142857142855,0.49586776859504134,0.9625469746231474,0.7083339691162109,0.3558379666401905,0.3425076452599388,0.3702479338842975,605,24288,xgboost,crisis,287,0.5267126781923299
0.1752449490181155,0.8263936135538954,0.09686999022960663,0.8833168642951251,0.13650573115665163,0.5303643724696356,0.21712707182320443,0.5303643724696356,0.8944239181212044,0.6872386932373047,0.2537947783849423,0.2306843267108168,0.28205128205128205,741,24288,xgboost,growth,222,0.18740574354812514
